beach,sun,trees,car,people,dog,food,building,road
Life's a beach!,Girls just wanna have sun,"Just living is not enough. One must have sunshine, freedom, and a little flower.",Do hard work in silence and let your new car make some noise.,"Whatever is good for your soul, do that","Do I believe in love at first sight? Of course, I fall in love with every dog I see.","First, we eat. Then, we do everything else.","Wherever you are, be all there.â€ â€” Jim Elliot",No road trip is long with good company
I'm done adulting. Let's be mermaids!,Sunshine state of mind,"Solitary trees, if they grow at all, grow strong.",Buying your dream car surely adds enjoyment and fulfillment to your life.,Even the stars were jealous of the sparkle in her eyes,If I had a dollar for every time my dog made me smile. I would be a millionaire.,"Iâ€™m not drooling, you are!","City of stars, are you shining just for me?â€ â€” City of Starsâ€ from La La Land","Road trip hair, donâ€™t care"
Girls just wanna have sun.,Forever chasing the sun,On the top of mountains & beneath the stars.,Keep calm and drive on.,Stress less and enjoy the best,My dog does this amazing thing where he just exists and makes my whole life better because of it.,Is it just me or does this meal look more scrumptious because Iâ€™m on a diet?,I would give the greatest sunset in the world for one sight of New York's skyline. â€” Ayn Rand,Feeling those road trip vibes
"If you need me, call me on my shell phone.",Soak up the sun,Colors are the smiles of nature.,"I donâ€™t pray for love, I just pray for cars.",Get out there and live a little,A dog is the only thing on earth that loves you more than you love yourself,I like people who love to eat. Theyâ€™re the best kind of people in the world.,"You can design and create, and build the most wonderful place in the world. But it takes people to make the dream a reality. â€” Walt Disney","On a road trip, be back never"
A change in latitude would help my attitude.,Sunshine is free,One-touch of nature makes the whole world kin.,Start your engine and speed on over.,"Iâ€™m not high maintenance, youâ€™re just low effort",All you need is love & a dog.,"Live, love, eat.",It is not the beauty of a building you should look at; it is the construction of the foundation that will stand the test of time. â€” David Allan Coe,Life is a highway
No one likes a shady beach.,Everything is fine when there is sunshine,"Good timber does not grow with ease; the stronger the wind, the stronger the trees","I donâ€™t pray for things, I work for that thing which I want.","Iâ€™m not gonna sugar coat the truth, Iâ€™m not Willy Wonka",What a beautiful world it would be if people had hearts like dogs.,Made with love.,"Hey look Ma, I made it. â€” Panic! At The Disco, Hey Look Ma, I Made Itâ€",Always take the scenic route
Beach vibes only.,"When you canâ€™t find the sunshine, be the sunshine",Leave nothing but footprints,"Eat, sleep, drift, repeat.",Life is better when youâ€™re laughing,Anything is paw-sible when you have a dog.,"To live a full life, you have to fill your stomach first.","All of the lights. â€” Kanye West, All Of The Lights",Because the greatest part of a road trip isnâ€™t arriving at your destination
Everyone should believe in something. I believe I'll go to the beach.,Be the sunshine,And forget not that the earth delights to feel your bare feet and the winds long to play with your hair.,"Itâ€™s good when you follow your dreams, Itâ€™s better when you drive your dream",Look for the magic in every moment,Love is a four-legged word.,Carbs might be my soulmate.,Life is a journey with almost limitless possibilities.â€ â€” Ken Poirot,Hodophile: a lover of roads
Gone to the beach. Back never.,To be happy you must be your own sunshine,Beautiful things donâ€™t ask for attention.,"Donâ€™t tell people your plans, show them your results.",Vodka may not be the answer but itâ€™s worth a shot,Dog kisses fix everything.,All I want for Christmas is...food.,My favorite thing: Going where I've never been.,"Sometimes, all you need is a good friend and a full tank of gas"
How to get a beach body: Step 1: Have a body. Step 2: Go to the beach.,"Sun, sand and a drink in my hand",Time spent in the forest is never wasted,Start your car and take a ride of it.,A sass a day keeps the basics away,"Dogs are not our whole life, but they make our lives whole.",Never eat more than you can lift.,A building is not just a place to be but a way to be. â€” Frank Lloyd Wright,"When you go on a road trip, the trip itself becomes the story"
Nama'stay at the beach.,,Finally.Paradise Found!,"A new car might not change your life, but it changes your attitude.",,"Everyone thinks they have the best dog, and none of them are wrong.",The most essential part of a well-balanced diet isâ€”food!,Let's find some beautiful place to get lost in.,A bend in the road is not the end in the road
Resting beach face.,Sunâ€™s out buns out,Someone is sitting in the shade today because someone planted a tree a long time ago.,"Donâ€™t tell people your plans, show them your results","Me, myself and I",Happy Anni-fur-sary!,"Dear diet, things just arenâ€™t looking good for the both of us. Itâ€™s not me, itâ€™s you. Youâ€™re too much work. Youâ€™re boring and I canâ€™t stop cheating on you.","Cold nights, city lights.",Feeling like a road trip day
"Shell-abrate good times, come on!",Sun and games,One touch of nature makes the whole world kin.,"The law of attraction is a real thing, I canâ€™t tell how long Iâ€™ve been imagining myself driving.",Just me,Heâ€™s the most pup-ular dog at the park.,Hunger is a good cook.,"One's destination is never a place, but a new way of seeing things. â€” Henry Miller","Making memories, one road trip at a time"
Sun of a beach.,Walkinâ€™ on sunshine,"Look at the forest creature, then you will understand the nature everything better.","Feel the car, drive it, and then show it.","But first, let me take a selfie",I am fur-ever yours.,A little slice of heaven.,Say yes to new adventures.,"The road is there, it will always be there"
The beach gives me porpoise.,The sun will shine again,Find me where the tall trees are,This beautiful car and finally dreams come true.,Typical me,"I have too many dogs, said no one ever",Good food never fail in bringing people together.,It's better to see something once than to hear about it a thousand times. â€” Asian Proverb,On the road again!
Feeling fintastic.,Here comes the sun,The best view comes after the hardest climb.,"The law of attraction is a real thing, I canâ€™t tell how long Iâ€™ve been imagining myself driving this beautiful car and finally dreams come true",Selfie Sunday,"I love you, fur real.","Eat right, exercise, die anyway.","Before it's your favorite place, it's a place you've never been.",Cruising down the highway of life
Talk to the sand.,Live by the sun,I am most alive among the tall trees,Just to be a mediocre driver has never been my ambition. Thatâ€™s not my style.,I was born to shine,I will never fur-get you.,"Itâ€™s essential for every party to have cake. If thereâ€™s no cake, then itâ€™s only a meeting.",I'm in love with cities I've never been to and people I've never met. â€” Melody Truong,Endless playlists + coffee + best friends = best road trip ever
Beach to you it.,"Friends, sun, sand and sea â€“ that sounds like summer to me",Go to the place where you feel most alive.,â€“ Michael Schuhmacher,Me doing me,Iâ€™m so fur-tunate to have you in my life.,9 out of 10 people love chocolate. And the 10th person is always lying.,When you just want to run away to the big city.,"If youâ€™re on a road trip, you need driving music"
I'm getting some beach therapy.,I was made for sunny days,Donâ€™t forget to look up from your life,"Itâ€™s not about the car you drive, Itâ€™s about the way you drive it.","I donâ€™t always take a selfie, but when I doâ€¦",Iâ€™m so paw-ssionate about dogs!,The chief ingredient in yummy food is love.,"There's so much beauty when your eyes lay lost in the city lights. â€” Motionless In White, City Lights",Never underestimate the therapeutic power of driving and listening to loud music
Hanging with my gull-friends,Summertime and the livinâ€™ is easy,I Love Nature.,Your car is your attitude so wear it before going anywhere.,What do you think of this look?,"If there are no dogs in heaven, I donâ€™t want to go.",There is no better reward for hard work than good food.,Don't wait for the perfect moment. Take the moment and make it perfect. â€” Abraham Hicks,Stop worrying about the potholes in the road and enjoy the journey
Keep calm and go to the beach.,"What sunshine is to flowers, smiles are to humanity",Forest bathing insert tree and bathtub emoticons.,"A man loves his girlfriend for a month, his wife for a year, and his car forever.",I woke up like this,Is it FriYAY yet? Itâ€™s been a ruff week.,They told me to follow my heart. Guess where it led me? To the fridge.,"Welcome to New York. Itâ€™s been waiting for you.â€ â€” Taylor Swift, Welcome To New York.â€","I donâ€™t care how long it takes, but Iâ€™m going somewhere beautiful"
"Life takes you down many paths, but the best ones lead to the beach.",â€ â€“ Unknown,"Another day, another sunrise.",I am in love with this new lady called My New Car.,Couldnâ€™t be happier ğŸ™‚,"It really is the dogs house, we just pay the bills.","Skinny people are easier to kidnap. Stay safe, eat cake.",See the line where the sky meets the sea? It calls me.â€ â€” Moana,"People donâ€™t take road trips, road trips take people"
The beach is calling and I must go.,Some old-fashioned things like fresh air and sunshine are hard to beat,Find me where the wild things are,shift to success mode.,You can regret a lot of things but youâ€™ll never regret being kind,Life goals: pet all the dogs,Iâ€™m soy into you.,"The skyline is etched in my veins. You can never put that out, no matter how hard it rains. â€” Macklemore, The Town",It feels good to be lost in the right direction
Memories are made in flip-flops.,"Yo the sun doesnâ€™t shine forever, but as long as itâ€™s here then we might as well shine together, better now than never",Be strong and steady like a tree,Unleashing the beast,Do whatever makes you happiest,Life is short spoil your dog,Life is about exploring the pasta-billities.,The sky is the limit.,Letâ€™s go on a roadtrip
All I need is a good dose of vitamin sea.,"If I do but one thing today, may I be human sunshine for someone","If sky is the limit, then go there.",The New addition to the collection,"Having the dream is easy, making it come true is hardâ€ â€“ Serena Williams",Lifeâ€™s not ruff when youâ€™re around.,Grill and chill!,You can leave the city but it will never leave you.â€,Really in the mood for a long drive with no destination
Home is where the anchor drops.,"Wherever you go, no matter what the weather, always bring your own sunshine",I am glad I will not be young in the future without wilderness.,"To attract a girl, I wear a perfume called New car interior.",Decluttering my life like Marie Kondo,"Money can buy a lot of things, But it doesnâ€™t wiggle its butt everytime you come in the door.","Good people, good food, good time.",Blown away by the Windy City.â€,"I donâ€™t know where Iâ€™m going, but Iâ€™m on the way"
Good times and tan lines.,"The sun is a daily reminder that we, too, can rise from the darkness, that we too can shine our own light",Let the adventure begin,"Never follow your dream, Control your dreams.","If I were rich, Iâ€™d pull a Netflix and spend $100 million on my Friends",My dog is my best fur-end.,Iâ€™d hate to lie on my deathbed and think: I could have eaten that!â€,I've always been drawn to city skylines.â€ â€” Dave Haywood,An open road is the most exciting part of a road trip
"When in doubt, paddle out.","Get off the track of doubt and gloom, get on the sunshine track, thereâ€™s room","A tree is beautiful, but whatâ€™s more, it has a right to life; like water, the sun and the stars, it is essential. Life on","I couldnâ€™t find the sports car of my dream, so I built it myself.","In 2021, I want to be as Insta famous as an egg and as ageless as Paul Rudd","No matter how many years we get with our dogs, itâ€™s never long enough.",One does not need silver cutlery to eat delectable food.,"I look out the window and I see the lights and the skyline and the people on the street rushing around looking for action, love, and the world's greatest chocolate chip cookie, and my heart does a little dance.â€ â€” Nora Ephron",The only trip I want to take is one on the open road
"Sandy toes, freckled nose.","If you spend your whole life waiting for the storm, youâ€™ll never enjoy the sunshine",earth is inconceivable without trees.,Happiness is the smell of a new car,"Canâ€™t hear, canâ€™t speak, canâ€™t see.",Pawsitive vibes only,Food shared is happiness multiplied.,"In the twilight, it was a vision of power.â€ â€” Upton Sinclair",Today feels like a good day for a road trip
Drown out pier pressure.,"If you see the sunshine, feel the sunshine then you feel good",All I need is a few days at the beach.,Absolutely in love with our new wheels.,Be heroes of your own storiesâ€ â€“ Constance Wu,Ready for a pawsome adventure!,"Eat, drink and live free. Thereâ€™s no telling what might happen tomorrow.","Big lights will inspire you.â€ â€” Jay-Z, Empire State of Mindâ€",Embracing my inner road tripper
"Don't worry, beach happy.",â€ â€“ Jimmie David,The tree of liberty must be refreshed from time to time with the blood of patriots and tyrants.,"Usually, I donâ€™t give a name things, but after buying you I can call you my Attitude.",Hella fine and it works every timeâ€ â€“ Ariana Grande,Remain paws-itive!,"Oh, did you say exercise? I thought you said extra fries!",Cities are murky placesâ€“hatching grounds for monsters. â€“ John Geddes,Just want to feel the wind on my face as I drive down the open highway
Happiness comes in waves.,"Donâ€™t let the shadows of yesterday spoil the sunshine of tomorrow, Live for today",Adventure is out there.,Men love women but even more than that men love cars.,My life is as crooked as Rami Malekâ€™s bowtie,The dog picnic quickly turned into a Bark-B-Q!,Another one bites the crust.,"Bright lights, big city.",All I want for Christmas is a road trip
I can sea clearly now.,"There is nothing more beautiful than a rainbow, but it takes both rain and sunshine to make a rainbow",Nurtured by nature.,"Not much has changed with the new owner, but it starts looking so good.",We did it!,The road to my heart is paved with paw prints.,Thereâ€™s nothing more romantic than a serene walk to the fridge.,Wherever you go becomes a part of you somehow.,Thereâ€™s no problem so big that a road trip canâ€™t solve
We mermaid for each other.,"Anyoneâ€™s life truly lived consists of work, sunshine, exercise, soap, plenty of fresh air, and a happy contented spirit","A single act of kindness throws out roots in all directions, and the roots spring up and make new trees.",Nothing worth having comes easy.,Work hard then work harder,We have the ulti-mutt friendship.,Life is infinitely delicious.,"I fell in love, his name is New York.","Nothing behind me, everything ahead of me, as is ever so on the road"
You're the piÃ±a to my colada.,"Iâ€™m just a simple guy, I live from day today",Live by the sea and love by the moon.,People will chase you tomorrow if you chase your dreams today.,Hustlinâ€™,We just got pawsession of a new dog.,Breakfast food can cure all sadness away.,A city that outdistances manâ€™s walking powers is a trap for man. â€“ Arnold Joseph Toynbee,Life is too short to not go on a spontaneous road trip
Happier than a seagull with a French fry.,Have you ever looked up to the bright natural morning light and felt bad?â€ â€“ Unknown,Heading for the hills.,Words canâ€™t describe my love for this car.,When daydreams become reality,"When I needed a hand, I found your paw.",What diet?,Thereâ€™s no time to be bored in a world as beautiful as this.,Discovering myself on a roadtrip
The ocean's roar is music to the soul.,A cloudy day or a little sunshine has as great an influence on many constitutions as the most recent blessings or misfortunes,Beauty all around us,"That car was perfect, this cheered me up","Say yes, take risks, and live life on your own terms","When my dog looks at me, I melt","Dine well and youâ€™ll be able to think well, sleep well, and live well.",All you need is love and skylines.,"Ultimately, every road leads to the whole world"
Saltwater cures all wounds.,"The sun, the bright sun, that brings back, not light alone, but new life, and hope, and freshness to man",Trees are poems that the earth writes upon the sky.,"If you know me, you know how excited Iâ€™m about my newest addition to the garage.",The impossible is now possible,"Whoever said diamonds are a girlâ€™s best friend, never owned a dog .",Cupcakes are muffins that believed in miracles.,There is no solitude in the world like that of the big city. â€“ Kathleen Norris,The freedom of the open road is seductive
You can find me where the sand meets the water.,Good times and tan lines,Letting nature take its course.,It is okay to buy an old car but it is not okay to drive that car for your whole life.,Perseverance paysâ€¦ a lot!,Would rather be licking your face right now,"For some reason, food tastes better when itâ€™s somebodyâ€˜s treat.",We do not look in our great cities for our best moralit. â€“ Jane Austen,Roads are a record of those who have gone before
Let the sea set you free.,Just blue skies and sunshine,Good clean fun in the dirt.,"This happened today, so much hard work and itâ€™s paid off.",It wasnâ€™t always easy but itâ€™s worth it,You are fur-bulous.,"Everything you see, I owe to spaghetti.",Wanderlust and city dust.,A road trip is a way for the whole family to spend time together and annoy each other in new places
"If there's a will, there's a wave.",Powered by sunshine,"On earth there is no heaven, but there are pieces of it.",The First adult milestone,Pursue your passion and youâ€™ll never work a day in your life,"You canâ€™t beat that combo! Cold nose, warm heart.","Itâ€™s not true that money canâ€™t buy happiness. I mean, have you tried buying ice cream? Itâ€™s the same thing!",All cities are mad: but the madness is gallant. All cities are beautiful: but the beauty is grim. â€“ Christopher Morley,The road that leads to nowhere for others might just be the road that leaves somewhere for you
Nothing soothes the soul like a day by the water.,Hello sunshine,From little seed grow mighty trees,My first big-kid purchase.,"Friends are like stars, constantly coming and going, but the ones that stay burn as bright as the sun","You canâ€™t buy happiness, but you can rescue it.",Dinner is one of lifeâ€™s greatest pleasures.,"I havenâ€™t been everywhere, but itâ€™s on my list.",Sometimes the road less traveled is less traveled for a reason
Me and the ocean: Love at first sight.,Sunshine is my favorite accessory,Nature is the art of God. Dante Alighieri,Time to hit the road,A good friend might know your wild stories but your best friend was right there with you,"If I had a dollar for every time my dog made me smile, I would be a millionaire.",Iâ€™m obsessed with food.,"â€œCity of stars, are you shining just for me?â€ â€” â€œCity of Starsâ€ from La La Land",The road ahead is as long as you make it
You can never cross the ocean until you have the courage to leave the shore.,Got that sunshine in my pocket,We all grow in different directions thats what makes us beautiful,"As ridiculously expensive as it is, Iâ€™m absolutely obsessed with my new whip",I would never let my best friend do anything stupidâ€¦alone,"If youâ€™re having a bad day, just pug-et about it!","How do I like my eggs? In cake, of course!","Cities, like cats, will reveal themselves at night. â€“ Rupert Brooke",Not all those who wander are lost
We dream in colors borrowed from the sea.,"Sun, please",Should you shield the canyons from the windstorms you would never see the true beauty of their carvings.,My baby has arrived.,bff â¤ï¸,My sunshine doesnâ€™t come from the skies,Chocolate makes everything better.,"â€œIn the end, we only regret the chances we didnâ€™t take.â€ â€“Lewis Carroll",Is it really a road trip without fast food and good tunes?
"Dear ocean, Thank you for making us feel tiny, salty, humble, and inspired, all at once.",Feeling the endless sunshine,This is my happy place,Seriously canâ€™t believe sheâ€™s mine.,Laughing at random things. Partying â€˜til the sunrise. Thereâ€™s no one else Iâ€™d want by my side. Love ya!,My therapist has four legs and a tail.,I'm so eggcited to eat!,Walking through a concrete jungle.,"Afoot and light-hearted, I take to the open road"
Keep palm and carry on.,Be the sunshine in someoneâ€™s life,"A wind has blown the rain away and blown the sky away and all the leaves away, and the trees stand. I think, I too, have known autumn too long.","A Car is not going to change your life, but it will definitely change your attitude.",Hold onto your best friend because youâ€™ll never find someone like them again,Do you like my self-pawtrait?,I just want someone to utter these three magic words to me: I brought food.â€,A city is a large community where people are lonesome together. â€“ Herbert V. Prochnow,"Sometimes, a girl just needs wide open spaces"
The ocean breeze sets my mind at ease.,Good morning sunshine!,The best thing one can do when itâ€™s raining is to let it rain.,The cars we drive says a lot about us.,Back in the old days my best friend why quiet and shy. I turned her into a monster. ğŸ˜œ,Dogs ask for so little but deserve so much.,"Good food, good mood.",Nothing beautiful asks for attention.,"Road trips arenâ€™t measured by mile markers, but by moments"
High tides and good vibes.,Sunshine fills me with love and hope,The Earth laughs in flowers.,My car is my pride and Iâ€™m not gonna lose it.,Find someone who brings out the best in you,Donâ€™t stop retrievinâ€™.,This is a festival of flavors.,"What is a city, but the people; true the people are the city. â€“ Coriolanus III","Little by little, one travels far"
I love you to the sand bar and back.,Create your own sunshine,Life is better with trees,"Some things new are good too, especially the new car smell.","A best friend is like your favorite bra: supportive, comfortable, hard to find, and close to your heart",Feeling corgeous.,There is no weâ€ in fries. Remember that!,All great art is born of the metropolis. â€“ Ezra Pound,"Me, you, the radio, and the highway"
"The days are long, but the years are short.",She just shines,Give me six hours to chop down a tree and I will spend the first four sharpening the ax.,My baby has arrived,A best friend will love you when youâ€™re too sad to love yourself,Hope you have a pawsome day.,Thereâ€™s nothing more romantic than Italian food.,"Wherever you are, be all there.",Sometimes the most scenic roads in life are the detours you didnâ€™t mean to take
Seashells are love letters in the sand.,Stay close to people who feel like sunshine,"If you truly love nature, you will find beauty everywhere.","My first childhood dream came true finally, I have my own brand new car.","Donâ€™t trust everything you see, even salt can look like sugar",Howl you doing?,"Iâ€™m on a 30-day diet. So far, Iâ€™ve lost 15 days.","But first, coffee.",It is not down in any map
"I watched this movie growing up. I always hated the ocean. ""The Incredible Mr. Limpet"" (1964)youtu.be/x6TtCy...",A good laugh is sunshine in the house,Love is a tree; and lovers are its shade.,"Donâ€™t be jealous guys, there are so many showrooms you can also purchase it from there.",Everyone has a chapter they donâ€™t read out loud,I live for the appaws.,"Where there is good food, there is happiness.","Cities with all their advantages have something hostile to liberal learning, the seductions are so subtle and accost the senses so openly on all sides. â€“ Amos Bronson Alcott","If you come to a fork in the road, take it"
Why do I have this fear?,Endless sunshine,Adventure awaits,"I see it, I like it, I want it, I got it. Ready to start a new adventure with my new car.",Too lit to quit,I will always woof you.,Letâ€™s eat some diet food while we wait for the steak to cook.,Wanderlust and city dust.â€,"Kilometers are shorter than miles, so take your next road trip in kilometers"
"Why are Naval Mines so eerie? Also, the bottom of an ocean is horrible to think of.",Sunshine looks good on me!,Nature is one of your greatest teachers.,Seriously canâ€™t believe sheâ€™s mine,Shoutout to myself because Iâ€™m lit,I will take my dog over diamonds any day!!!,In the mood for noods.,I have never felt salvation in nature. I love cities above all. â€“ Michelangelo,"Nothing behind me, everything ahead of me, as is ever on the road"
"Swimming next to a ship in the open ocean, miles from land.preview.redd.it/udfka2...",I look over at you and see sunshine,"Autumn, the yearâ€™s last loveliest smile.","No one buys this for you, You have to earn it",I donâ€™t tell you I love you out of habit but as a reminder of how much you mean to me,Iâ€™m a su-paw-star.,"Eat today, live another day.",My kind of town.,Sometimes the best therapy is a road trip
In The Dark Of The Ocean,"He that will enjoy the brightness of sunshine, must quit the coolness of the shade","I believe in God, only I spell it NATURE.",The cars we drive says a lot about us,"When I started counting my blessings, I realized I have everything I could ever need",Anything is pawsible with a dog.,Iâ€™m never giving up on chocolate! Iâ€™m not a quitter!,Thank you for making me feel so alive.,Living the road trip aesthetic
I used to be afraid of the open ocean. Now I do this.,The sun always shines above the clouds,Let your heart be your compass,"Born to lose, built to win.",A smile can change the world,Itâ€™s time to get this pawty started.,"I am on a seafood diet. I see food, I eat it.","The tans will fade, but the memories will last forever.","Road trip, wonâ€™t quit"
These photos by Matias Alonso Revelli are gorgeous but they make me feel like I am being swallowed by the ocean and I hate it ğŸ¥´,Rise above the storm and you will find the sunshine,"Aim for the moon, if you miss you may hit a star.","Beat the odds, do numbers, and remain humble.",The biggest mistake you can ever make is to be afraid to make mistakes,Just taking some time to paws and reflect.,A day is best started on a full stomach.,Fall in love with as many things as possible.,Living like every day is a road trip
This massive capsizing ship (MV Princess) is easily obscured under what is barely the very surface of the ocean depths.,Sunshine always inspires me,"A tree is beautiful, but whatâ€™s more, it has a right to life; like water, the sun and the stars, it is essential. Life on earth is inconceivable without trees",If you canâ€™t take care of your car then donâ€™t buy it.,Life is tough but so am I,Love is a wet nose and a wagging tail.,"When you eat food with your family and friends, it always tastes better!","All cities are mad: but the madness is gallant. All cities are beautiful, but the beauty is grim. â€“ Christopher Morley",Finding Route 66
These steps from a boardwalk into the Atlantic Ocean,Never give up,Henry Wadsworth Longfellow.,"work hard, stay humble, and make things happen.",My coach said I run like a girl. So I said if he ran a little faster he could too.â€ â€“ Mia Hamm,Some days are just meant for laying on the floor.,I love you to the fridge and back.,City life is millions of people being lonesome together. â€“ Henry David Thoreau,On a road trip to everywhere
"My greatest fear/dream... Anyone else afraid to swim in a pond, but dream of sailing the ocean?",Radiate positivity,Every sunset is an opportunity to reset.,"I see it, I like it, I want it, I got it. Ready to start a new adventure with my new car",Oops is always better than what if,Thanks fur the memories.,Everything tastes good when youâ€™re hungry.,Go where you feel most alive.,Road tripper for life
Yet another night diving photo of the view below in the open ocean.,"Just remember, there was never a cloud that the sun couldnâ€™t shine through",Keep it natural,"Donâ€™t dream it, drive it.","If you want opportunity to knock, itâ€™s time to build a door",The best therapist has fur and four legs.,Love and sausage are alike. I can never get enough of both.,"â€œIf it scares you, it might be a good thing to try.â€ â€“ Seth Godin",Is there anything better in life than buying snacks fo ra road trip?
My wife easing my MIL closer to the water after she saw the ocean for the first time in 10 years and it made her feel dizzyâ€,The sun shines for everyone,"In the depth of winter, I finally learned that there was in me an invincible summer.",You see me rollinâ€™ they hatinâ€™,The little things in life matter,The happiest pupper you ever did see.,"Donut worry, be happy.",Exist loudly.,"Got my snacks, got my friends, got my music"
Nothing screams the ocean is utterly terrifyingâ€ like watching CGI of the Titanic sinkingm.youtube.com/watch?...,Do what makes your soul happy,Plant more trees to enhance the beauty of nature.,"I might be in a lac but I ainâ€™t lackinâ€™, this is my new car.","If you donâ€™t believe in yourself, who will?",The journey of life is sweeter when traveled with a dog.,Iâ€™m feeling heroic today. I think I might go rescue some alcohol trapped in some kind of bottle later.,A great city is not to be confounded with a populous one. â€“ Aristotle,I love road trips
i absolutely hate the emptiness behind the ray: that is the worst part! the vast openess and space of the ocean is terrifyinggfycat.com/illzig...,Soul full of sunshine,The silence of nature is very real. It surrounds you..you can feel it.,Look at this beauty.,"I may not be there yet, but Iâ€™m closer than I was yesterday","The perfect pots of gold at the beginning and at the end, If only they could live furever.","Count memories, not calories.","â€œWherever you are, be all there.â€ â€” Jim Elliot",Driving isnâ€™t dangerous
I hate the fucking ocean,"The sun is alone, too, but it still shines",Listen to no oneâ€™s advice except that of the wind in the trees. That can recount the whole history of mankindâ€¦,The sales boy said â€ The car is sexy like its owner,It always seems impossible until itâ€™s done,The road to my heart is filled with paw prints.,"If my plate is full, I'm happy.","City of Stars, are you shining just for me?",All road trips have secret destinations of which the driver is unaware
The rough sea at the front is dangerous.,"Donâ€™t confuse your path with your destination, just because itâ€™s stormy now, doesnâ€™t mean you arenâ€™t headed for sunshine","Thereâ€™s no Wi-Fi in the forest, but I promise youâ€™ll find a better connection.","Beat the odds, do numbers, and remain humble",It may be stormy now but it never rains forever,Warning: cuteness overload.,"You know whatâ€™s better than blabbering about food? Yup, eating!",Making a stop at Central Perk.,"Thatâ€™s what I love about road trips, dude, itâ€™s like doing something without actually doing anything"
In north monsoon it is rough seas with heavy rains.,The sun will drive away my clouds,"Natureâ€™s beauty, frame by frame.",Life is too short to drive boring cars.,Thereâ€™s a dream that Iâ€™ve been chasing want so badly for it to be realityâ€ â€“ Justin Bieber,Welcome to our home where dog hair is both a fashion accessory & a condiment.,"In order to achieve a balanced diet, one must hold a cookie in each hand.","The city is not a concrete jungle, it is a human zoo. â€“ Desmond Morris",Singing at the top of my lungs on the open road
Several boats were damaged or driven ashore from rough seas .,Keep rising,Every flower is a soul blossoming in nature.,Treat well your car and it will never give a single problem after.,"Dreams donâ€™t have expiration dates, keep going.",You are pawfection.,Iâ€™ve always been fond of hashtags. They remind me of waffles!,The dream is free. The hustle is sold separately.,Lost count of the mile markers
The vessel experienced moderate to rough seas throughout the voyage.,Keep your face to the sunshine and you cannot see a shadow,"To really feel a forest canopy one must use different senses, and often the most useful one is the sense of imagination.â€• Joan Maloof","To me, from me, happy new car day",Set goals you donâ€™t tell anyone about. Achieve them. Then give yourself the highest of fives!,"Youâ€™ll never get the dog that you want, youâ€™ll always get the dog that you need.","Come on, hog it out!","Cities force growth, and make men talkative and entertaining, but they make them artificial. â€“ Ralph Waldo Emerson",Always say yes to a road trip
England was not the rough seas he had feared.,Let your confidence shine,Lost in the right direction,Engine oil is a drink that every car needs.,Act like you own the world because you do,A dog is the only thing on earth that loves you more than you love yourself.,"Most people eat to live. On the contrary, I live to eat.",A concrete version of paradise.â€ â€” Marisa Casciano,Road tripping at night is about communicating with lights
"rough seas sunk several ships, and one person drowned.",You are the sun,The family is one of natureâ€™s masterpieces.,Happiness is sitting on the driving seat and drive.,"As long as my bank account keeps growing, I couldnâ€™t care less about anything else",Always DTS: down to snooze on a sunny patch of floor,Calories donâ€™t count during the weekends.,"Towered cities please us then, and the busy hum of men. â€“ John Milton",Happiness is planning a road trip to somewhere new
rough seas and winds damaged private property and two hotels.,I want to paint sunlight,Green is my favorite color of nature.,"Itâ€™s good when you follow your dreams, Itâ€™s better when you drive your dream.",I keep it real because Iâ€™m not afraid of having enemies,Be the person your dog thinks you are.,"Thereâ€™s absolutely no need for me to go to the gym. The name of the cashier at the Mcdonaldâ€™s I frequent is Jim, so same thing!",A concrete version of paradise.,â€œAre we there yet?â€ = the most popular road trip quote of all time
rough seas killed six people in the province.,Everything is better in the sunlight,Going where the wind blows!,"Some things new are good too, especially the new car smell",â€¦um ok,Coffee and dogs make the world go round,I love Instagram because it allows me to maintain a record of every meal I partake.,City life is no life for a country man; for such a man that life is a kind of damnation in itself. â€“ Stephen King,Life is like a road trip
Santa Cruz del Sur reported strong southerly winds and rough seas .,Stay sunlit,"Want to conquer yourself, surpass the snowy hills.","Lifeâ€˜s all about an upgrade, Let me upgrade my whip",You were my cup of tea but I drink wine now,"Dog do speak, but only to those who know how to listen.",Eating spaghetti requires so much attention. Thatâ€™s why you can never feel lonely while eating it.,These sidewalks are like a runway.,Itâ€™s all the stuff in-between
The ships had struck a reef and run aground during rough seas .,Touch seems to be as essential as sunlight,It always rains the hardest on people who deserve the sun.,"If you donâ€™t look back at your car after you park it, you own the wrong car",Ambition on fleek,"Dogs are like potato chips, you can never have just one",Fueled by ramen.,"Because when you stop and look around, this life is pretty amazing.",
"After 76 miles in rough seas , she had to stop.",These are the sunlight days,"Because when you stop and look around, this life is pretty amazing.",The cars we drive say a lot about us. â€“  Alexander Paul,I wouldnâ€™t chase you because Iâ€™m the catch,Dogs are the universeâ€™s way of apologizing for your relatives.,Take food as your medicine before you take medicine as your food.,Wake up and live.,You just have to decide when to take it
Infants cannot swim in a rough sea .,Sunlight is the best light,High Tides Good Vibes.,Do you love your car?,Know your worth but donâ€™t forget to add tax,Dogs have a way of finding the people who need them and filling an emptiness we didnâ€™t even know we had.,"If itâ€™s made of chocolate, then Iâ€™m going to eat it!","What I like about cities is that everything is king size, the beauty and the ugliness. â€“ Joseph Brodsky",Make it worth it
Calm or only moderately rough sea is required.,Moonlight is sculpture; sunlight is painting,"The sky is my prayer, the birds are my prayer, the wind in the trees is my prayer, for God is all in all.","Well, I do and I donâ€™t have any words to prove it.",Iâ€™m the reason why I smile everyday,Dogs think youâ€™re a god. Cats think theyâ€™re the gods.,"First, we eat breakfast. Then, we change the world.",We are the dreamers of dreams.,Letâ€™s go
The rough seas slammed Prokosh across the deck .,Sunlight brings out the worldâ€™s beauty,I love the sound of the wind in the trees and the song of the birds and the shuffle in the leaves of my many woodland friends.,"I couldnâ€™t find the sports car of my dreams, so I built it myself. â€“ Ferdinand Porsche","I donâ€™t care if you approve of me, I approve of myself",EmBARKing on a new journey.,Good food is the foundation of happiness.,"â€œThese streets will make you feel brand new.â€ â€” Jay-Z and Alicia Keys, â€œEmpire State of Mindâ€",True places never are
"Near Jupiter Inlet, fell off his ship during rough seas .",A kind of sunlight one remembers for a lifetime,"Smell the sea, and feel the sky. Let your soul and spirit fly.",The cars we drive say a lot about us. â€“ Alexandra Paul,Iâ€™ve loved and Iâ€™ve lost but thatâ€™s not what I seeâ€ â€“ Ariana Grande,"Everything I do, I do with paw-fect form.",Food is always more satisfying after a dayâ€™s hard work.,The City attaches an exaggerated importance to the healing power of lunch. â€“ Christopher Fieldes,Road trip ready
"These storms can produce rough seas , coastal flooding and beach erosion.",Inspiration is like a glimmer of sunlight through a forest of shadows,The sound of nature is very sweet. Everyone Loves.,"When someone stops you in traffic to tell you your car looks good. , am like ah I know that.",I need somebody who can take controlâ€ â€“ Sam Smith,Getting a new LEASH on life!,Magic happens in the kitchen during lunch time and dinner time.,â€œWherever you go becomes a part of you somehow.â€ â€” Anita Desai,"You get into this Zen rhythm, forget about everything that came before"
All fishermen were advised to remain at port due to rough seas .,Invest the sunlight in your selfie,A life without love is like a tree without fruit.,"When Henry Ford made cheap, reliable cars people said, â€˜Nah, whatâ€™s wrong with a horse? That was a huge bet he made, and it worked. â€“ Elon Musk","Keep switchinâ€™ your alibi, or stutterinâ€™ when you reply. You canâ€™t even look me in the eye. Oh, I can tell, I know youâ€™re lyinâ€™â€ â€“ The Chainsmokers",Iâ€™m not single I have dogs.,I have hunger management issues.,These streets will make you feel brand new.,Crashing is!
"Ultimately, a fisherman was confirmed killed due to rough sea conditions.",Shine like sunlight,Save nature always. It is our world.,"Racing is life, everything before or after is just waiting. â€“  Steve Mcqueen","Farewell tequila, so long margarita. And lady sativa, I hate to leave yaâ€ â€“ Bebe Rexha","If you want a roommate, get a cat. If you want a family, get a dog.",Note to self: Eyes on the fries!â€,The city disappears street by street as you enter it. â€“ Ian Seed,Weâ€™re free
rough seas disrupted ferry service and caused the closure of several beaches.,I drink a cup of sunlight every morning to brighten myself,Letâ€™s find some beautiful place to get lost.,"We arenâ€™t addicted to oil, but our cars are. â€“ James Woolsey",You know what youâ€™re doinâ€™ to meâ€ â€“ Ariana Grande,Itâ€™s not drinking alone if your dog is home.,"If you do not eat well, then you wonâ€™t be able to think well, love well, and sleep well.",Itâ€™s the rule of life that everything you have always wanted comes the very second you stop looking for it.,Enjoy every day and donâ€™t carry too much luggage
A lifeboat and helicopter had been searching rough seas for the teenager.,The sunlight paints us gold,Behind the clouds is the sun still shining.,My most satisfying thing is diagnosing a problem and actually fixing it myselfâ€™â€™ that was the first I listened from a boy named Sherlock galaxy and I enjoyed it.,Itâ€™s a hard time finding your freedomâ€ â€“ Slushii,"Learn a lesson from your dog- NO matter what life brings you, kick some grass over that shit and move on.","My head is full of thoughts about food. Donâ€™t judge, itâ€™s a thing.",Iâ€™m just a small-town girl with big city dreams.,
Leaving in its path unsettle weather strong winds and rough seas .,Itâ€™s like I have a window in my chest where sunlight is pouring in,Difficult roads often lead to beautiful destinations.,A male gynecologist is like an auto mechanic who has never owned a car. â€“  Carrie Snow,I would sell my soul for a bit more timeâ€ â€“ Halsey,"Love is wet noses, sloppy kisses & wagging tails.",Food is the ultimate pacifier. I feel like I can forgive anyone after a scrumptious meal.,"In a living city, I could never have noticed so much. Living cities donâ€™t hold still. â€“ John Irving",
I was shown a yacht floundering in the rough sea .,Sunlight runs in my blood,Storms make trees take deeper roots.,"Women are like cars: we all want a Ferrari, sometimes want a pickup truck, and end up with a station wagon. â€“  Tim Allen",Always wanted to be one of those people in the room that says something and everyone puts their hand upâ€ â€“ Julia Michaels feat. Selena Gomez,Never trust a person who doesnâ€™t love dogs.,Broken cookies have no calories!,Those bright lights are my sunshine.,
What are the roughest seas you have ever had?,Life is a sunlight ride,The tree that is beside the running water is fresher and gives more fruit.,Self-driving cars are the natural extension of active safety and obviously something we should do. â€“ Elon Musk,"Iâ€™m a babe, Iâ€™m a boss and Iâ€™m makinâ€™ this moneyâ€ â€“ Avril Lavigne feat. Nicki Minaj",Now giving nap lessons.,"Food, friends, fun.",I love places that make you realize how tiny you and your problems are.,
This shape is far more stable and able to handle rougher seas .,No clouds in my sunny day,Stop & Listen,"Seeing the reflection of my car while driving past large windows lol, donâ€™t you think it is amazing?",It was you who taught me living is togethernessâ€ â€“ Calvin Harris feat. Ragâ€™nâ€™Bone Man,Raising a dog is like a rainbow puppy are the joy at one end. Old dogs are the treasure at the other.,"Despite what psychologists say, itâ€™s totally okay to replace love with food.",No sleep in the city.,
A pier at Atlantic Beach was also damaged by rough seas .,A cloud is no match for a sunny disposition,Even the leaves fall for you.,A racing car is an animal with a thousand adjustments. â€“ Mario Andretti,"""Get on my level.""","Saving a dog will not change the whole world, but it will change that dogâ€™s world.",Iâ€™m the best when it comes to eating meat.,A great city is that which has the greatest men and women. â€“ Walt Whitman,
"In Japan, two people were killed by rough seas .",Happiness is a sunny day,Remember your roots,Older cars tend to drive like older cars. That is not for me. â€“ Robert Herjavec,"""These vibes are unmatched.""",Sweet dreams are made of treats.,"If no one catches you eating it, then it has no calories. This, my friend, is the first rule of my diet.","Hello city, your lights are fireflies in my heart.",
rough seas off the coast of Guerrero resulted in one fatality.,"We need the storms, the overcast days to help us appreciate the sunny days",Sometimes you just have to go with the waves.,A boy angel falcon told me the best thing which satisfies is â€˜â€™ when you make that one last payment,"""Donâ€™t forget the mute button exists, besties.""",The average dog is a nicer person than the average person.,Halt your work and eat lunch!,"Iâ€™d like a cheeseburger, please, large fries, and a cosmopolitan.",
Carol also brought strong winds and rough seas to New England.,Not always SUNNY but in a SUNNY state of mind,Letâ€™s sleep under the STARSâ€.,All of those cars were once just a dream in somebodyâ€™s head. â€“ Peter Gabriel,"""Iâ€™ll be over here, loving myself and all that.""","The more men I meet, the more I love my dog.","Sorry, I'm in a relationshipâ€”with food!",We do not look in great cities for our best morality. â€“ Jane Austen,
The Bonnie does produce in a rough sea and casts well.,Cheers! Itâ€™s a sunny day,"Wherever you go, leave a trail.",Straight roads are never made for real drivers.,"""They never see it cominâ€™, what I do next."" â€” Taylor Swift, ""I Did Something Bad""",Thereâ€™s just a special connection between a dog and their person that canâ€™t compare to regular friendships.,Food is fuel.,It is in the midst of the city that one writes the most inspiring pages about the country. â€“ Jules Renard,
The fire was caused by seawater entering through open hatches in rough seas .,Happiness is my bicycle and a sunny day,The poetry of earth is never dead.,"When it comes to cars, only two varieties of people are possible â€“ cowards and fools. â€“ Russell Baker","""I don't hold grudges, you just become irrelevant.""",This friendship is fur real.,"Sorry, if itâ€™s not on the plate, then it can wait.",A city is a large community where people are lonesome together. â€“ Herbert Prochnow,
rough seas killed a person on Pohnpei.,Sunny days give us happiness,"Silence is golden for me. I live in the country and hear only my pets, birds, crickets, and the wind in the trees.","After you buy a car, then waking up in the morning and look out the window and you canâ€™t believe itâ€™s really yours.","""I would like to confirm that I do not care.""",Those who teach the most about humanity arenâ€™t always human.,"Whenever you see me seemingly thinking deep thoughts, Iâ€™m probably just thinking about food.",Iâ€™m in love with cities Iâ€™ve never been to and people Iâ€™ve never met.,
"Despite rough seas , the crew took to the lifeboats immediately.",If you only walk on sunny days youâ€™ll never reach your destination,"Spring is natureâ€™s way of saying, â€˜Letâ€™s party!â€™.","They say that money canâ€™t buy happiness, but I would rather cry in a Ferrari than on a Honda.","""Haters are cute little reminders that you're the sh*t.""","When the dog looks at you, the dog is not thinking about what kind of a person you are. The dog is not judging you.",Why am I eating cake? Because itâ€™s somebodyâ€™s birthday somewhere out there!,No city should be too large for a man to walk out of in a morning. â€“ Cyril Connolly,
This made them difficult to control and very uncomfortable in rough seas .,"Sunny day, happy day","In every walk with nature, one receives far more than he seeks",I love vintage cars because you can do so much more to them. â€“ T -Pain,"""Self-love is the greatest middle finger of all time.""",Will work for treats!,Food is really and truly the most effective medicine.,"Manâ€™s course begins in a garden, but it ends in a city. â€“ Alexander Maclarenn",
Landship performances symbolize and reflect the passage of ships through rough seas .,If it was sunny every day then we would start taking it for granted,Nature never goes out of style.,"I still donâ€™t know which thing to satisfy me, but for me, the most satisfying thing is actually to get it.","""Itâ€™s a beautiful day to love yourself.""","First he stole my heart, then he stole my bed.",Made to perfection.,There is hardly one in three of us who live in the cities who is not sick with unused self. â€“ Ben Hecht,
rough sea with big cargo ship .,We thread our way through a moving forest of ice-cream cones and crimson thighs,Nature always wears the colors of the spirit.,"Electric cars are not going to take the market by storm, but itâ€™s going to be a gradual improvement. â€“ Carlos Ghosn","""See you later, haters.""","My windows arenâ€™t dirty thatâ€™s just my dog, not art.","Never break a promise! On the other hand, you can break as many pie crust as you want.","Cities force growth and make people talkative and entertaining, but they also make them artificial. â€“ Ralph Waldo Emerson",
It can handle rough sea swells .,"I donâ€™t know whatâ€™s hotter, me or my sunburn?","Silence is golden for me. I live in the country and hear only my pets, birds, crickets, and the wind in the trees","Without cars our grades would be better, our rooms would be cleaner, but our hearts and minds would be empty.","""This is a sign to love more and hate less.""","I donâ€™t always bark at night, but when I do, itâ€™s for no reason.","To eat is human, to digest, divine.",â€œWe are the dreamers of dreams.â€ â€” Roald Dahl,
The rough seas had extinguished the fire aboard and she was eventually salvaged.,I need a six-month vacation once a year,Climb the mountains and get their good tidings.,"You can get it in any color, as long as it is black. â€“ Henry Ford","""Talk to the hand.""",All dogs are goodâ€”some are just a little ruff around the edges.,Food is my number 1 priority.,â€œItâ€™s the rule of life that everything you have always wanted comes the very second you stop looking for it.â€ â€” SATC,
"Offshore, rough seas were generated.",Aboat time!,Letâ€™s go where the wifi is weak,Fast cars are my only vice. â€“ Michael Bay,"""What goes around will come back around.""",Anything is paw-sible.,Who needs love when you can eat all the chocolate in the world.,I have never felt salvation in nature. I love cities above all. â€“ Michelangelo Buonarroti,
Boats use similar devices called sea anchors to maintain stability in rough seas .,Happiness is sand between my toes and a sunburn on my nose,Within nature lies the cure for humanity.,"A guy knows he is in love, when he loses interest, in his car for a couple of days.","""Whatever, Iâ€™m fabulous.""",Caution: Dogs canâ€™t hold their licker.,I feel like stripping whenever I see good food.,"The seeds of civilization are in every culture, but it is city life that brings them to fruition. â€“ Susanne Katherina Langer",
What a contrast from the rough seas of the other night. The little boat bobbed on the rough sea.,Shake your palm palms,Relax. Refresh. Reconnect.,I donâ€™t sell cars; I sell engines. The cars I throw in for free since something has to hold the engines in. â€“ Enzo Ferrari,"""Iâ€™m honestly thriving.""",Crazy dog lady.,There is no love more sincere than my love for food.,"â€œI havenâ€™t been everywhere, but itâ€™s on my list.â€ â€” Susan Sontag",
rough sea conditions have repeatedly prevented divers from reaching the wreckage.,Tropic like itâ€™s hot!,Natureâ€™s first green gold.,"Roses are red, violets blue, I love my car more than you.","""Nothing but good vibes.""",Dog hair is my glitter.,"If youâ€™re hungry and you want thousands of something, then eat rice!",Cities are the sinks of the human race. â€“ Rousseau,
"Rough weather was another major drawback for these designs, but rough sea conditions did not unduly affect Polaris launches.",Beach you to it,Every mountain top is within reach if you just keep climbing.,You donâ€™t put bumper stickers on a Bentley. â€“ Kim Kardashian,"""You could learn something from me.""",Dog hair is my go-to accessory.,Who needs inspirational quotes when you can just drink coffee?,Cities are the abyss of the human species. â€“ Jean-Jacques Rousseau,
,This really floats my boat,Go where you feel most alive,Electric cars arenâ€™t pollution-free; they have to get their energy from somewhere. â€“ Alexandra Paul,"""Felt cute, wonâ€™t delete later.""",Donâ€™t stop retrievinâ€™. Hold onto that feeling.,"If you combine wine and dinner, the new word is winner",â€œIâ€™m in love with cities Iâ€™ve never been to and people Iâ€™ve never met.â€ â€” Melody Truong,
,Iâ€™m really mad at whoever invented the sunburn,"Deep in their roots, all flowers keep the light.","Run your car, not your mouth","""I know Iâ€™m enough.""",Feeling quite fetching today.,Life is uncertain. Eat dessert first.,A soulless city creates soulless people! â€“ Mehmet Murat ildan,
,Donâ€™t mind my resting beach face,To walk in nature is to witness a thousand miracles.,Ambition is a dream with a v12 engine.,"""When in doubt, laugh it out.""",Home is where the dog hair is stuck to everything.,To eat is to appropriate by destruction.,Cities get built out of poetâ€™s dreams. â€“ Marty Rubin,
,Keepinâ€™ it reel,Snowflakes are kisses from heaven.,Cars bring me sheer joy. â€“ Evan Spiegel,"""Haters, who?""","I just met you, and this is crazy, but hereâ€™s my squeak toy. Throw it, maybe.",I like my coffee black like my soul.,No sun will shine in my day today (no sun will shine),
,Every sunburn has a story,Trees are poems that the earth writes upon the sky.â€ â€” Kahlil Gibran,"A woman is supposed to have curves like an old Bentley, not like some old bike. â€“ Sebastian Horsley","""Glowing like never before.""",I love my pup furry much.,"Eat whatever you want, and if someone tries to lecture you about your weight, eat them too!",The high yellow moon won't come out to play (that high yellow moon won't come out to play),
,But she got a tan and I got a sunburn,Between every two pines is a doorway to a new world.â€• John Muir,You can know or not know how a car runs and still enjoy riding in a car. â€“ David Byrne,"""Feeling good like I should.""",I see you have food. I would also like food. Please give me your food.,"If you combine good flavors, food turns into an orchestra.",I said (darkness) darkness has covered my light,
,Two weeks of killer sunburn is worth a lifetime of being gorgeous,The earth has music for those who listen.â€• George Santayana,"Thereâ€™s a lot of stress, but once you get in the car, all that goes out the window.","""Say yikes and move on.""",I wish I could text my dog.,"If the fries is right, then we have a deal!","(And the stage) And the stage my day into night, yeah",
,Peelingâ€™ like a sunburn,Between every two pine trees there is a door leading to a new way of life. â€“ John Muir,"Iâ€™m attracted to Ferraris and Bentleys, but I donâ€™t know if Iâ€™ll ever have a chance to own one of those. â€“ Ndamukong Suh","""Ain't it funny, all the twisted games."" â€” Olivia Rodrigo, traitorâ€",I wonder what my dog named me.,Your diet is a bank account. A good option is a good investment.,Where is the love to be found?,
,Putting the poolâ€ in carpool,Mother Nature doesnâ€™t set out to be beautiful. She just is.â€ â€• Anthony T. Hincks,Modern cars I donâ€™t like so much. â€“ Amber Heard,"""Look at this place, you won."" â€” Stevie Budd, Schittâ€™s Creek",Iâ€™m not spoiled my master is just well trained.,"I told them I wonâ€™t go if there was no food involved, so here I am!",Won't someone tell me 'cause life (sweet life) must be somewhere to be found,
,Itâ€™s a Ginger thing,The best time to plant a tree is twenty years ago. The second best time is now.â€ â€• Chinese proverb,"The way I drive, the way I handle a car is an expression of my inner feelings.","""Sheesh, Iâ€™m amazing.""","If my dog makes you uncomfortable, Iâ€™d be happy to lock you up in the other room.",Cheese is milkâ€™s leap towards immortality.,(Must be somewhere for me),
,Had a little too much fun in the sun,There is no exquisite beautyâ€¦ without some strangeness in the proportion. â€“ Edgar Allan Poe,Whatâ€™s behind you doesnâ€™t matter. â€“ Enzo Ferrari,"""Iâ€™m a savage."" â€” Megan Thee Stallion, Savageâ€","If youâ€™ve had a ruff day, Iâ€™m here to make you feel better.",Bliss on a plate.,Instead of concrete jungle (la la-la!),
,All you need is ice cream,Every flower is a soul blossoming in nature. â€“ Gerard De Nerval,"Race cars, no matter what size or shape they are, do the same things. It is not complicated. â€“ Tony Stewart","""Iâ€™m sorry, I donâ€™t do negativity.""",Iâ€™m all about that pug life.,Food always feels like luxury when youâ€™re hungry.,Where the living is harder,
,My daily motivation: Every hot day is one step closer to a PSL,"Solitary trees, if they grow at all, grow strong.â€ â€• Winston Churchill",Car is simply near and dear to my heart.,"""Your bad vibes donâ€™t really go with my outfit.""",Iâ€™m mutts about my dog.,"Donâ€™t be upsetti, eat some spaghetti.",Concrete jungle (la-la!),
,A moment of silence for those who sunburn instead of tan,People who will not sustain trees will soon live in a world that will not sustain people.â€ â€• Bryce Nelson,No one remembers who took second place and that will never be me. â€“ Enzo Ferrari,"""CEO of good vibes.""",Iâ€™m ready to paw-ty!,"As the old adage goes: Keep your friends close, and your snacks closer.â€","Man you got to do your best, whoa, yeah",
,Iâ€™ll be at the grill if you need me,"Even if I knew that tomorrow the world would go to pieces, I would still plant my apple tree. â€• Martin Luther","I couldnâ€™t repair your brakes, so I made your horn louder. â€“ Steven Wright","Haters donâ€™t really hate you, they hate themselves, because you are a reflection of what they wish they could be.",Iâ€™m so paw-fect. Love me fur-ever.,Tasty food brings eternal bliss.,No chains around my feet,
,Single and ready to fla-mingle,"The Sea, once it casts its spell, holds one in its net of wonder forever. â€• Jacques-Yves Cousteau","The car has become the carapace, the protective and aggressive shell, of urban and suburban man. â€“ Marshall McLuhan","My haters are no different from the strays of my neighborhood, both of them bark after seeing me.",Just pug-get about it.,Cooking is love made visible.,"But I'm not free, oh-ooh!",
,"Tan lines may fade, but friends are forever",A tree is our most intimate contact with nature.â€ â€• George Nakashima,If you had to choose between unlimited gas and perfect love. What would be the first place youâ€™d drive to?,Itâ€™s okay if you donâ€™t like me. Not everyone has good taste.,"Kids these daysâ€¦ When I was a pup, I only had one toy and one stick.",Chick this out!,I know I am bound here in captivity,
,Youâ€™re my lobster (roll),Alone with myself the trees bend to caress me the shade hugs my heart â€“ Candy Polgar,Aerodynamics are for people who canâ€™t build engines. â€“ Enzo Ferrari,Do it for the people who want to see you fail.,No worries at all. Itâ€™s the leashed I can do.,Letâ€™s gain some weight!,"G'yeah, now (never, never) I've never known happiness",
,"Forward my mail, Iâ€™m a beach baby now",One that would have the fruit must climb the tree.â€ â€• Thomas Fuller,Fast cars like Porsches and Ferraris â€“ are things of beauty. â€“ Rod Stewart,Nothing beautiful asks for attention.,Not all dogs are good boys. Some are good girls!,Iâ€™m on a feeding frenzy.,"(Never, never) I've never known what sweet caress is",
,The sunburn was worth it,The clearest way into the Universe is through a forest wilderness. -John Muir,Racing is the best way to convert money into noise,"Iâ€™m in my own lane, you ainâ€™t in my category.","Not to brag or anything, but Iâ€™m kind of a big deal to my dog.","If you ask me what my favorite animal is, itâ€™s steak!","Still, I'll be always laughing like a clown",
,Winter who?,"Learn character from trees, values from roots, and change from leaves.â€ â€• Tasneem Hameed",Life is too short for traffic. â€“ Dan Bellack,Light travels faster than sound. This is why some people appear bright until they speak.,"Oh yeah, thatâ€™s the spot!",Is it too much to ask for me to have buns of steel and buns of cinnamon at the same time?,Won't someone help me 'cause I (sweet life),
,"Help me, Iâ€™m peeling",All our wisdom is stored in the trees. â€• Santosh Kalwar,Take it easy drivingâ€“ the life you save may be mine. â€“ James Dean,I donâ€™t worry about the hatersâ€¦ They are just angry because the truth I speak contradicts the lie they live.,"Paws what youâ€™re doing right now, and look at me.",I spread love like how I spread Nutella and peanut butter.,I've got to pick myself from off the ground,
,Sunshine is the best medicine,Nature is not a place to visit. It is home. â€“ Gary Snyder,I Do have a Bentley. I Do go out. â€“ Eduardo Saverin,"They wanna see you do well, but never better than them. Remember that.",Quit hounding me. Iâ€™m fetching as fast as possible.,Food is my best friend.,"(Must be somewhere for me), he-yeah!",
,Find me in the waves,Be like a tree. The tree gives shade even to him who cuts off its boughs.â€ â€• Sri Chaitanya,"A car is like a mother-in-law â€“ if you let it, it will rule your life. â€“ Jaime Lerner","Whatever you do, good or bad, people will always have something negative to say!",Raise the woof!,Snacks are awesome! Donâ€™t you ever underestimate their power!,In this a concrete jungle (la la-la!),
,"I donâ€™t tan, I burn","Weâ€™re merely one tree with various types, shapes and sizes of leaves that all wave differently in the breeze.â€ â€• Rasheed Ogunlaru",Self-driving cars are the natural extension of active safety and obviously something we should do.,Everyone is a gangster until the real gangster enters.,Sometimes you just gotta lay on the floor with your dog.,I can tell a lot about people from the way they eat their jelly beans.,"I said, what do you got for me (la-la!) now, o-oh!",
,Nothing is stronger than a motherâ€™s love â€¦ for piÃ±a coladas,"To exist as a nation, to prosper as a state, to live as a people, we must have trees.â€ â€• Theodore Roosevelt","The way I drive, the way I handle a car is an expression of my inner feelings. â€“ Lewis Hamilton",My haters made me understand how popular I am.,"Sometimes, they call me â€˜Getbackhere.â€™",Coffee is always a good idea.,"Concrete jungle (la la-la!), ah, won't you let me be (concrete jungle)",
,Lifeâ€™s a beach,Give me odorous at sunrise a garden of beautiful flowers where I can walk undisturbed.-Walt Whitman,Flying cars are not a very efficient way to move things from one point to another. â€“ Bill Gates,"You dream it, I did it, Youâ€™re jealous admit it!",Stop hounding me!,I was always a junk food person. I still am.,"Hey, oh, now",
,"Beach hair, donâ€™t care!",He who plants a tree. Plants a hope. â€“ Lucy Larcom,"When it comes to cars, only two varieties of people are possible.",An insincere critic of a sincere person never wins.,Thank you fur being a friend.,"When you mix good flavors, the food turns into an orchestra.",I said that life (sweet life) it must be somewhere (must be somewhere for me) to be found,
,Paradise found,Choose only one master â€“ nature. Rembrandt,A racing car is an animal with a thousand adjustments. Mario Andretti,Hate is too great a burden to bear. It injures the hater more than it injures the hated.,Today is the day. I can feel it. Today is the day I catch that tail.,Taste of heaven.,"Oh, instead, concrete jungle (la-la!) collusion",
,Nothing but sandy skin and summer smiles,You canâ€™t have the fruits without the roots.â€ â€• Stephen Covey,Always focus on the front windshield and not the review mirror. â€“ Colin Powell,Iâ€™m using your hate as my fuel.,Trans-fur-mation Tuesday.,Who needs friends when you can eat all the snacks you want?,Confusion (concrete jungle) eh!,
,A balanced diet is a glass of rosÃ© in each hand,Beauty awakens the soul to act. â€“ Dante Alighieri,Thereâ€™s nothing wrong with the car except that itâ€™s on fire. â€“ Murray Walker,"Donâ€™t spend time beating on a wall, hoping to transform it into a door.","Ugh, here comes the pup-arazzi again.",My favorite hobby is eating.,"Concrete jungle (la-la!) baby, you've got it in",
,Living on island time,Trees indeed have hearts.â€ â€• Henry David Thoreau,Driving fast on the track does not scare me. What scares me is when I drive on the highway I get passed by some idiot who thinks he is Fangio.,"I was born to make mistakes, not to fake perfection.",What kind of dog doesnâ€™t bark? A hush puppy!,Food is worth all the weight gain.,Concrete jungle (concrete jungle) eh!,
,The sun and me donâ€™t mix well,"A nation that destroys its soils destroys itself. Forests are the lungs of our land, purifying the air and giving fresh strength to our people.â€• Franklin D. Roosevelt",Some men take good care of a car; others treat it like one of the family. â€“ Evan Esar,"Hate isnâ€™t healthy, it damages the hater more than the one whoâ€™s hated!",What the pug?,"In pizza, we crust.",What do you got for me (concrete jungle),
,Life is better in a bikini,Trees and stones will teach you what you cannot learn from masters. â€• Bernard of Clairvaux,Cornering perfectly is like bringing a woman to climax.,Kill them with success and bury them with a smile.,"Whoâ€™s a good boy? Well, Iâ€™m a good boy. Obvi!","Take a seat, grab a treat.",,
,Can someone please give summer a speeding ticket?,"Though a tree grows so high, the falling leaves return to the root.â€ â€• Malay proverb","Speed costs, how fast do you want to go?",Often those that criticize others reveal what he himself lacks.,,You gotta nourish to flourish.,,
,She got a tan and I got a sunburn,"In the spring, at the end of the day, you should smell like dirt. -Margaret Atwood",Never lend your car to anyone to whom you have given birth. â€“ Erma Bombeck,"Fear of something is at the root of hate for others, and hate within will eventually destroy the hater.",,"My soulâ€™s dark, Iâ€™m always bitter, and Iâ€™m too hot for you. Yup, Iâ€™m just like my favorite kind of coffee.",,
,Laugh,Nature is not a place to visit. It is home. â€• Gary Snyder,A guy knows heâ€™s in love when he loses interest in his car for a couple of days.,Too bad you canâ€™t photoshop an ugly personality!,,"When words are inadequate, munch some food.",,
,"A sunburn is very becoming, but only when it is even",Joy in looking and comprehending is natureâ€™s most beautiful gift. â€“ Albert Einstein.,Cars are simply near and dear to my heart. â€“ John Lasseter,Haters only hate the things they canâ€™t have and the people they canâ€™t be.,,A little chocolate a day never hurts.,,
,Vacation mode: On,"This oak tree and me, weâ€™re made of the same stuff. â€• Carl Sagan",Work hard until your car doors open upwards.,To anyone that ever told you youâ€™re no good.. theyâ€™re no better.,,Pork-fection on a plate.,,
,I like me a little bit more when iâ€™m with you,How glorious a greeting the sun gives the mountains!-John Muir,A car for every purse and purpose. â€“ Alfred p. Sloan,"Donâ€™t doubt yourself, thatâ€™s what haters are for.",,The belly rules the mind.,,
,"Pies, fries and these guys",There are more life forms in a handful of forest soil than there are people on the planet. â€• Peter Wohlleben,Nobody is perfect but if you drive a sports car youâ€™re pretty close.,Hustle until your haters ask if youâ€™re hiring.,,"When youâ€™re a downie, eat a brownie.",,
,Queen of the (sand) castle,Storms make trees take deeper roots.â€ â€” Dolly Parton,Watch out for the idiot behind me.,Itâ€™s a beautiful day to leave me alone.,,Savor the flavor.,,
,Shell yeah!,Trees are poems that the earth writes upon the sky. â€” Kahlil Gibran,I love sleeping in a moving car more than sleeping in bed. â€“ Ben stein,Believe in yourself and all that you are. And donâ€™t forget to love your haters. They keep you motivated.,,Food is a tasty hug.,,
,Queen of the grill,Between every two pines is a doorway to a new world.â€ â€• John Muir,The car was invented as a convenient place to sit out traffic James â€“ Evan Essar,Be passionate. Be positive. Be attractive.,,Say yes to more cheese!,,
,I just donâ€™t think thereâ€™s a sunscreen that gives you enough protection,"In a forest of a hundred thousand trees, no two leaves are alike. And no two journeys along the same path are alike. â€• Paulo Coelho",You donâ€™t look a day over fast cars and freedom that sunset river bank first time feeling,I gave you no reason to hate me; you made your own by wasting your time.,,"We are lucky that we donâ€™t have to venture into the wild and hunt for food anymore. Like, where do tacos even live?!",,
,The only nation Iâ€™m visiting this summer is imagination,"If you have ever gone to the woods with me, I must love you very much. â€” Mary Oliver",Death is like my car it takes me where I want to go.,They hate you because they donâ€™t have the potential to be like you.,,Iâ€™m in the mood for food.,,
,"Tan lines, salt in my hair, sand in my toes: Paradise",Trees are your best antiques. â€• Alexander Smith,He who shall be last shall be sideways and smiling â€“ Jeremy Clarkson,Haters are cute little reminders that youâ€™re the sh*t.,,"Money wonâ€™t be able to buy happiness, but it can get you this delicious meal instead.",,
,Giving in to pier pressure,A tree falls the way it leans.â€ â€• Bulgarian proverb,Girl are like moving car can change the road anytime whenever they find better road â€“ Purna R,We hate some persons because we do not know them; and will not know them because we hate them.,,"From what I eat, you can probably tell what I am.",,
,Getting my daily dose of Vitamin Sea,Trees give peace to the souls of men. â€• Nora Waln,Itâ€™s not just a carâ€”itâ€™s someone elseâ€™s dream,Do what they think you canâ€™t do & prove them wrong.,,Food is way cheaper than therapy.,,
,Things are going swimmingly,Nature is what wins in the end.-Abby Adams,I Donâ€™t care if the door gaps are straight when the driver steps on the gas I want him to shit his pants â€“ Enzo Ferrari,The key to being happy is knowing you have the power to choose what to accept and what to let go.,,The secret ingredient is always cheese.,,
,My BFF is the A/C unit,,It is more fun to drive a slow car fast than to drive a fast car slow,I have to nail it! Otherwise my haters gonna succeed.,,Food is always a good idea.,,
,Just shedding my skin,They are planting tree seedlings instead of cutting trees down.,But my passion is racing cars. Itâ€™s what I like to do in my off time â€“ Mark-Paul Gosselaar,I would like to confirm that I do not care.,,This meal is no misteak.,,
,Can you tell I forgot to pack sunscreen?,This forced the pageant organizers to purchase cut trees .,"When a man opens a car door for his wife, itâ€™s either a new car or a new wife â€“ Prince Philip",Believe in yourself and donâ€™t care about haters.,,"Help, send chocolate!",,
,"Eat, drink and be sweaty","When cut trees were used, backup trees were also identified.","Date a car guy. We break parts, not hearts.",Dealing with haters is all about mind over matter. I donâ€™t mind cuz you donâ€™t matter.,,Eating breakfast is a nice way of saying thank you to your body.,,
,"If youâ€™re not barefoot, youâ€™re overdressed",Cutting trees was one of the main outdoor jobs.,"If you donâ€™t look back at your car after you park it, you own the wrong car.",Stupid people are way too fertile.,,Every french fry was a potato once.,,
,You used to call me on my shell phone,Work Mikhail was immediately sent into the woods to cut trees .,Thereâ€™s nothing wrong with the car except that itâ€™s on fire. â€“ Murrat walker,"Remember, people only rain on your parade because theyâ€™re jealous of your sun and tired of their shade.",,Donâ€™t go bacon my heart.,,
,Putting the lime in the coconut,"Cutting trees for blocks for them, for roads.","When a man opens the car door for his wife, itâ€™s either a new car or a new wife. â€“ Prince Philip",From the deepest desires often come the deadliest hate.,,"If you want to impress me, then: 1. Buy me food, 2. Make me food, or 3. Be food.",,
,Iâ€™m on a boat!,Cutting trees can be dangerous work.,A car can either be a love or horror story you just have to wrap your hands around the right one,Donâ€™t let negative voices or negative people talk you out of your dream.,,You can't just eat good food. You've got to talk about it too. And you've got to talk about it to somebody who understands that kind of food.,,
,Beach bum,"The Forestry industry is also important, cutting trees and using the timber.",A new car is not going to change your life. â€“ Monica Ali,Heartiest thanks to all my demotivators! your harsh criticism made me who I am.,,Happiness is homemade.,,
,Iâ€™m rocking that Neapoli-TAN,CUT TREES : Check the tree is fresh by shaking it.,"Men love women but even more, than that men love cars â€“ Lord Hesketh",Love me or hate me. Either way Iâ€™m on your mind.,,"This year, I was closest to the diet while cleaning originators from my browsing history.",,
,Donâ€™t forget to wear sunscreen,The coming flood will float the cut trees down,Itâ€™s a never-ending battle of making your cars better and also trying to be better yourself. â€“ Dale Earnhardt,"Winners focus on winning, losers focus on winners.",,Iâ€™m no gluttonâ€”Iâ€™m an explorer of food!,,
,,Rogers said cutting crews will leave cut trees almost any condition a land owner requests.,Good cars get you from point a to point b great cars well they just get you into trouble.,Self-love is the greatest middle finger of all time.,,There's no such thing as too much food.,,
,,The council wants BR to cut trees only within five metres of the track.,I Meditate whenever I can. I Can be in the back seat of a car or in between appointments. â€“ Donna Karan,Itâ€™s amazing the lies that people will believe about men when the truth is actually much more interesting.,,Food vibes only.,,
,,"There were a number of similar camps nearby, all dedicated to cutting trees .","There are three things men always talk about â€“ women, sports, and cars. â€“ Mario Lopez","If people donâ€™t like me for whatever I do, for being me, then thatâ€™s too bad. I donâ€™t want to change to be something that Iâ€™m not for other people to like me.",,I only came for the food.,,
,,Starting with cutting trees for the wood and transporting stones with cow drawn wagons.,"Women are like cars, you can trade her in for a newer & younger model. But when you miss your old car. Itâ€™ll have become a classic and out of your price range.",Funnyâ€¦for hating me so much you sure do think about me quite often!,,Cooked to perfection.,,
,,This is not the first time i have read about settlers cutting trees .,The cars we drive say a lot about us â€“ Alexander Paul,My lips are the gun. My smile is the trigger. My kisses are the bullets. Label me a killer.,,How can I go on a diet? The fridge is still full!,,
,,The Park Service used no cut trees for the Pageant of Peace.,"If you recognize that self-driving cars are going to prevent car accidents, AI will be responsible for reducing one of the leading causes of death in the world. â€“ Mark Zuckerberg",Underestimate me. Thatâ€™ll be fun.,,Iâ€™m confident the food here poisoned me,,
,,Coppicing â€“ A regeneration method which depends on the sprouting of cut trees .,Price is what you pay value is what you get. â€“ Warren Buffett,Learn to use the criticism as fuel and you will never run out of energy.,,,,
,,I have several hand saws for cutting trees as well as a couple axes.,"I Am an artist, the track is my canvas, and my car is my brush. â€“ Graham Hill",Donâ€™t stop me now!,,I would leave zero stars if I could,,
,,"I cut trees for firewood, so I need to plant more to replace them.",Fast cars are my only vice.Michael Bay,Hustle until your haters ask if youâ€™re hiring,,Would give it a zero if I could,,
,,"If people didnâ€™t buy the cut trees , the farmers wouldnâ€™t plant them.",,"As the best wine doth make the sharpest vinegar, so the deepest love turneth to the deadliest hate.",,"Sleepy service, poor food quality, and when we asked why it was like this they stated that their kitchen was backed up, yet the restaurant was damn near empty",,
,,We are not advocating that everyone should always wait for a frost before cutting trees for cordwood.,A racing car is an animal with a thousand adjustments.Mario Andretti,"I donâ€™t hold grudges, you just become irrelevant.",,Took an hour to get food,,
,,He spotted logging trucks driving out of the woods along Alexis Lucia Road with newly cut trees .,Electric cars arenâ€™t pollution-free; they have to get their energy from somewhere.Alexandra Paul,I am thankful for those difficult people in my life. They have shown me exactly who I donâ€™t want to be.,,Worst slice and customer service in (City)! Asked them to reheat the COLD SLICE that they gave us to eat,,
,,Loggers were able to drag cut trees over the winter snow to the roads or water bodies.,Cars bring me sheer joy.Evan Spiegel,"Iâ€™m busy right now, can I ignore you some other time?",,Each slice was inconsistent with toppings and how cooked it was,,
,,There are some people who think that you shouldnâ€™t be allowed to cut trees down.,You can know or not know how a car runs and still enjoy riding in a car.David Byrne,This is what makes me keep going!!,,The food was not very good quality and was overpriced,,
,,DO NOT CUT trees or brush piles which have been reserved (SIGNED) for wildlife.,Modern cars I donâ€™t like so much.Amber Heard,People who do you wrong are just helping you. Theyâ€™re helping you realize what you donâ€™t need in your life and what you really deserve.,,The place is horrible,,
,,"Rather than just cutting trees all day you get to know more, and see more.","Race cars, no matter what size or shape they are, they do the same things. It is not complicated.Tony Stewart","Throughout life people will make you mad, disrespect you and treat you bad. Let God deal with the things they do, cause hate in your heart will consume you too.",,Itâ€™s the only food I ate in the last 24 hours that I did not eat in the proceeding days,,
,,Visitors come to spend a day in the area and can cut trees only from designated locations.,,Jealousy is the best compliment you can receive!,,The food is mediocre for the price and to make it even worse it is not even close to authentic,,
,,"Deforestation has been a significant problem, especially after 1980, because the rate of cutting trees has increased.",,"If youâ€™re not a tree hugger, then youâ€™re a what, a tree hater?",,Hostess stand was rude,,
,,"And er then I carried on in the woodlands then, cutting trees down and erm sawing up too.",,Behind every sucessful person lies a pack of Haters! I love my haters!,,,,
,,The city had decided to put a street through Green Peace: already workmen were digging trenches and cutting trees .,,Some people are born with a single feeling called hate.,,Food was dry and not cooked well and my friend found hair in her food,,
,,"The Iroquois probably bent their rafters from freshly cut trees , because green wood is much more flexible than dry.",,It feels hilarious when they talk about me without knowing me.,,They donâ€™t even have a plain slice,,
,,"First people cut trees for shelter and fuel, until rains swept away the soil and the springs dried up.",,Haters will see you walk on water and say itâ€™s because you canâ€™t swim.,,Salad was so rotted I had to throw it away or risk food poisoning,,
,,Robertson also implemented a bylaw in April 2014 that prevents homeowners from cutting trees down on their own private property.,,Whoever is trying to bring you down is already below you.,,"On top of that, there was dirt on top of the cans of soda and when we went to pay, the owner was having a phone conversation the entire time while at the counter and we had to wait until another person who worked there noticed this in order for us to pay for the food",,
,,And I think there is a great deal of difference in cutting trees for palm oil and for solar panels.,,Isnâ€™t it kind of silly to think that tearing someone else down builds you up?,,I ordered a Philly cheesesteak and the thing was not edible,,
,,"On September 30, 1749, about forty Miâ€™kmaq attacked six men who were in Dartmouth cutting trees .",,"You donâ€™t have to like me, Iâ€™m not a Facebook status.",,I am pretty sure they are not even using the Hersheyâ€™s brand but some much cheaper version: HORRIBLE PLACE,,
,,Eugenia Ginzberg recalls being near death because she could not meet even 20% of the norm for cutting trees .,,"Haters never win. I just think thatâ€™s true about life, because negative energy always costs in the end.",,Service from start to finish was not good,,
,,"To improve the defense, Washington ordered his men to cut trees down and to make them into makeshift breastworks.",,Jealousy is just love and hate at the same time.,,There was also a good amount of pork,,
,,They use powerful front teeth to cut trees and other plants that they use both for building and for food.,,All your haters need is your attention; so they are meant to be ignored.,,You should not call yourself a Mexican restaurant,,
,,"If human beings could be propagated by cutting, like apple trees, aristocracy would be biologically sound. - Author: John B. S. Haldane",,Soon as I walk in dogs are barkinâ€™Haters play the back I stay in front like handicapped parkin-RedMan.,,Bartender was rude,,
,,"Tree cutting and yoga, who knew Bethany was so multi-talented",,"Whatever you do, good or bad, people will always have something negative to say.",,"It was a busy night I get it, but worst service I have ever experienced",,
,,If i get 8 hours to cut a tree i'll,,A jealous woman does better research than the FBI.,,GARBAGE,,
,,- Author: Abraham Lincoln,,"Expect while reaching for the stars, people to whirl by with their dark clouds and storm upon you.",,The pasta looked crusty so I stayed away should have just stayed away from this place altogether,,
,,Felling a tree and gazing at the cut end - tonight's moon - Author: Matsuo Basho,,"Cuz life could cost you a single penny to a worth beyond million dollars which awakes you to live, to cherish, to fulfill it.",,It was overall a very bad experience,,
,,I feel like a lot of time my writing is like having about twenty boxes of Christmas decorations,,"People who project negativity typically have low self-esteem. They feel badly about themselves, and their negativity is simply a reflection of those feelings.",,I am giving the place a 1 star because I couldnâ€™t give it a 0 (zero) star,,
,,"Don't let anything like trees in the Clearwater National Forest get in the way of providing jobs and fueling the economy, even if that means cutting down every last tree in the state",,Negative people are only happy when they bring you down to their level.,,Avoid at all costs,,
,,It cuts one sadly to see the grief of old people; they've no way o' working it off; and the new spring brings no new shoots out on the withered tree,,Hi stalker. Iâ€™m still fabulous. Thanks for checking up on me.,,Food was okay,,
,,"A tree is a wonderful living organism which gives shelter, food, warmth and protection to all living things",,"Remember that only God can judge us; forget the haters, because Somebody loves you.",,,,
,,The most beautiful thing about a tree is what you do with it after you cut it down,,It is easy to hate and it is difficult to love. This is how the whole scheme of things works. All good things are difficult to achieve; and bad things are very easy to get.,,,,
,,He who sees a gold bullion more valuable than a tree has surely an intelligence much less than a donkey's! - Author: Mehmet Murat Ildan,,Love makes everything lovely; hate concentrates itself on the one thing hated.,,,,
,,But men are cutting down the trees without replacing them,,The worst enemy is one whose doctrines are founded in hate and are thus beyond debate.,,,,
,,"I cut down trees, I skip and jump, I like to press wild flowers",,"Tell me I canâ€™t, then watch me work twice as hard to prove you wrong.",,,,
,,Big? Sure,,"If you donâ€™t want a sarcastic answer, donâ€™t ask a stupid question.",,,,
,,"But the sower going forth to sow sets foot into time to come, the seeds falling on his own place",,This is my life so you have a limit.,,,,
,,"A beaver does not, as legend would have it, know which direction the tree will fall when he cuts it, but counts on alacrity to make up for lack of engineering expertise",,Hating people is like burning down your own house to get rid of a rat.,,,,
,,It's okay for someone to chase me and then try to cut me off so I ram my car into a tree,,"I think that everybody wants to be heard, and the easiest way to be the loudest is to be the hater.",,,,
,,"Cutting down that tree was my last war!"" I asked him who won, which I thought was a nice question, because it would let him say that he won, and feel proud",,"Dear haters, Iâ€™m not your enemy. Iâ€™m your hero.",,,,
,,"Just as a tree, though cut down, can grow again and again if its roots are undamaged and strong, in the same way if the roots of craving are not wholly uprooted sorrows will come again and again - Author: Gautama Buddha",,"If you donâ€™t like me, donâ€™t judge me. Nobody said you had to like me. Nobody.",,,,
,,It is a very pretty observation of old Isaac Ambrose that the gum which exudes from the tree without cutting is always the best,,Itâ€™s so sad that you feel the need to put me down to make yourself feel better.,,,,
,,"When the savages of Louisiana wish to have fruit, they cut the tree at the bottom and gather the fruit",,"If you donâ€™t like and still watch everything I do, b*tch youâ€™re a fan.",,,,
,,A nation who sits like cows on the fields while the country's trees are being cut down ruthlessly deserves the emptiest deserts thousands of times! - Author: Mehmet Murat Ildan,,My haters taught me dedication by their dedicated hatred for me.,,,,
,,"What will the axemen do, when they have cut their way from sea to sea? - Author: James F",,Some people are born with shit in their minds and they spread this shit by hating you.,,,,
,,I cannot tell a lie,,"They wanna see you do good, but never better than them. Remember that.",,,,
,,"If your ancestors cut down all the trees, it's not your fault, but you still don't live in a forest",,Hate isâ€¦ Itâ€™s too easy. Love. Love takes courage.,,,,
,,Cutting a tree down doesn't kill it; it erases it from history,,If they disrespect you to your face imagine what theyâ€™re doing behind your back.,,,,
,,"A political country is like an American forest; you have only to cut down the old trees, and immediately new trees come up to replace them",,My haters donâ€™t let me feel alone as they always follow me to screw up my life.,,,,
,,"Everyone goes to the forest; some go for a walk to be inspired, and others go to cut down the trees",,"Haters, like parrots, talk much but cannot fly. Dreamers, like eagles, say nothing but conquer the skies.",,,,
,,"No longer is science asked to understand the world, or to improve any part of it",,Iâ€™m a scuba diver in a sea of idiots.,,,,
,,"When trees mature, it is fair and moral that they are cut for man's use, as they would soon decay and return to the earth",,Donâ€™t hate what you canâ€™t imitate.,,,,
,,"Could a scar be like the rings of a tree, reopened with each emotional season? - Author: Magenta Periwinkle",,"My trash can always welcome my haters, because thatâ€™s where they actually belong.",,,,
,,"As a tree, even though it has been cut down, is firm so long as its root is safe, and grows again, thus, unless the feeders of thirst are destroyed, the pain (of life) will return again and again",,I love the sound you make when you shut up.,,,,
,,"Since half of all trees cut go to making paper, the only meaningful way to address destruction of our forest is to change the way paper is made",,"Bitch Please! You are so fake, even China denied they made you!",,,,
,,You should issue demerits for tree cutting or the destruction of humus,,Dear haters I love the way you use my name to spice up your gossips.,,,,
,,Gansey's phone buzzed,,"I donâ€™t have time, energy, or interest in hating the haters; Iâ€™m too busy loving the lovers.",,,,
,,- Author: Maggie Stiefvater,,My haters are my secret admirers as they secretly follow me everywhere.,,,,
,,"Cut down the forest, not just a tree",,Some people are just born to spread rumors.,,,,
,,"Thank God, they cannot cut down the clouds! - Author: Henry David Thoreau",,Insecure people put others down to raise themselves up.,,,,
,,I think England has served me very well,,The helluva of your comments doesnâ€™t bother me; I know you are born to waste your time by criticizing me.,,,,
,,People moved in across the street and are immediately cutting down a huge tree,,"Haters are like crickets. Crickets make a lot of noise, you hear it but you canâ€™t see them. Then right when you walk by them, theyâ€™re quiet.",,,,
,,"If you want to cut down a tree, it is no use to climb into its branches",,"Rumors are carried by haters, spread by fools, and accepted by idiots.",,,,
,,"Just as a tree, though cut down, sprouts up again if its roots remain uncut and firm, even so, until the craving that lies dormant is rooted out, suffering springs up again and again",,"We are nearer loving those who hate us, than those who love us more than we desire.",,,,
,,Stars,,"Donâ€™t worry about those who talk behind your back, Theyâ€™re behind you for a reason.",,,,
,,"It is easy to cut down the tree of liberty, but not so easy to restore it to life",,Judging a person does not define who they are. It defines who you are.,,,,
,,Be like a tree,,Has anything youâ€™ve done made your life better?,,,,
,,"We see a man cutting down a tree, and we make sure that he is filling a social need, just because he uses his muscles; it does not occur to us that he may only be cutting down a beautiful tree to make room for a hideous statue",,Did you fall from heaven? Because so did Satan.,,,,
,,I cut my bow from the wood of this tree of evil,,Youâ€™re not fake for leaving people behind who arenâ€™t benefiting you positively.,,,,
,,"No wonder the hills and groves were God's first temples, and the more they are cut down and hewn into cathedrals and churches, the farther off and dimmer seems the Lord himself",,Hatred is something that takes a lot of time to recover or may be not. It depends upon oneâ€™s attitude.,,,,
,,"I want a chainsaw very badly, because I think cutting down a tree would be unbelievably satisfying",,"Never hate people who are jealous of you, but respect their jealousy because theyâ€™re the ones who think youâ€™re better than them.",,,,
,,"I knew the tree when it grew, and the tree is now gone",,Use your haters as stepping stones to get to the top.,,,,
,,"To me, all the juice of a book is in an unpublished manuscript, and the published book is like a dead tree - just good for cutting up and building your house with",,"Hating is the sincerest form of flattery, so keep hating; hater",,,,
,,"The suburb is a place where someone cuts down all the trees to build houses, and then names the streets after the trees",,Love your haters because they ARE your biggest fans!,,,,
,,"The first idea, the first art piece I ever did, was when I was four",,"Respect your haters, theyâ€™re the only ones who think youâ€™re better than them.",,,,
,,There's no experience quite like cutting your own live Christmas tree out of your neighbor's yard,,"There comes an age where u realize smile is all you needed, to live happily! And thatâ€™s I gotta this life!",,,,
,,"You can cut down a tree with a hammer, but it takes about 30 days",,"I keep my head held high and smile, because there are people who will kill to see me fall.",,,,
,,"At the moment I'm so exhausted that I feel like cutting my throat, so the next news masy well be that I am across the river and under the trees: what is the meaning and purpose of life? Death",,Hating is the sincerest form of flattery.,,,,
,,Humans eat of the tree of the knowledge of good and bad,,If hatred is a relation; then my haters are in a relationship with an awesome person.,,,,
,,,,Nations have come under the control of haters and fools.,,,,
,,,,"If you cannot be positive, then at least be quiet.",,,,